,STATION,DATE,HourlyDryBulbTemperature,HourlyPrecipitation,HourlyPressureChange,HourlyRelativeHumidity,HourlyStationPressure,HourlyWindSpeed,cloud cover percentage,is_fire
0,72286903171,20210613125300,93.0,0.0,0.04,14.0,28.99,5.0,0.0,True
1,72286903171,20170929125300,94.0,0.0,0.06,14.0,28.97,11.0,0.0,True
2,72286903171,20210717125300,94.0,0.0,0.05,28.0,29.01,7.0,0.0,False
3,72286903171,20230711125300,99.0,0.0,0.04,16.0,29.04,9.0,0.0,True
4,72286903171,20181218125300,64.0,0.0,0.08,58.0,29.28,3.0,0.875,False
5,72286903171,20170807125300,92.0,0.0,0.04,40.0,29.01,7.0,0.0,True
6,72286903171,20210429125300,96.0,0.0,0.05,7.0,29.18,7.0,0.0,False
7,72286903171,20230419125300,68.0,0.0,0.04,35.0,29.13,8.0,0.0,False
8,72286903171,20160702125300,89.0,0.0,0.02,28.0,29.08,7.0,0.0,False
9,72286903171,20230926125300,88.0,0.0,0.07,23.0,29.06,7.0,0.0,True
10,72286903171,20181126125300,75.0,0.0,0.08,9.0,29.19,13.0,0.0,False
11,72286903171,20170601125300,74.0,0.0,0.04,56.0,28.96,11.0,0.0,True
12,72286903171,20180806125300,102.0,0.0,0.06,10.0,28.92,6.0,0.0,True
13,72286903171,20171204125300,64.0,0.0,0.07,12.0,29.06,16.0,0.0,True
14,72286903171,20180819125300,94.0,0.0,0.07,33.0,28.99,6.0,0.0,True
15,72286903171,20161030123000,65.0,0.0,0.0,84.0,29.15,9.0,0.5,False
16,72286903171,20190915125300,99.0,0.0,0.06,12.0,28.96,8.0,0.0,True
17,72286903171,20210628125300,98.0,0.0,0.04,29.0,28.78,11.0,0.0,True
18,72286903171,20231017125300,89.0,0.0,0.07,24.0,28.98,7.0,0.0,True
19,72286903171,20210119125300,65.0,0.0,-0.01,15.0,28.92,11.0,0.0,True
20,72286903171,20200406122400,54.0,7.0,0.0,90.0,29.05,3.0,0.25,False
21,72286903171,20190629125300,90.0,0.0,0.02,23.0,29.09,8.0,0.875,True
22,72286903171,20180409125300,93.0,0.0,0.03,6.0,29.05,9.0,0.0,True
23,72286903171,20200314125300,60.0,0.0,0.02,67.0,29.21,10.0,0.875,False
24,72286903171,20170813125300,94.0,0.0,0.06,21.0,29.0,11.0,0.0,True
25,72286903171,20230727125300,103.0,0.0,0.05,20.0,29.0,7.0,0.0,True
26,72286903171,20180528125300,79.0,0.0,0.06,41.0,29.01,0.0,0.0,True
27,72286903171,20200922125300,92.0,0.0,0.06,18.0,29.08,6.0,0.0,False
28,72286903171,20221004125300,90.0,0.0,0.06,34.0,0.0,13.0,0.0,False
29,72286903171,20170910125400,0.0,0.0,0.0,0.0,28.95,6.0,0.5,True
30,72286903171,20180914125300,96.0,0.0,0.06,12.0,28.92,5.0,0.0,True
31,72286903171,20201202125300,79.0,0.0,0.05,8.0,29.15,8.0,0.0,False
32,72286903171,20170115125300,54.0,0.0,0.06,75.0,29.14,3.0,0.875,False
33,72286903171,20170819125300,88.0,0.0,0.06,39.0,29.02,9.0,0.0,True
34,72286903171,20170713125300,94.0,0.0,0.04,30.0,29.08,7.0,0.0,True
35,72286903171,20160213125300,80.0,0.0,0.07,16.0,29.14,6.0,0.0,False
36,72286903171,20171023125300,100.0,0.0,0.07,8.0,29.17,10.0,0.0,True
37,72286903171,20171218125300,69.0,0.0,0.06,15.0,29.24,3.0,0.0,False
38,72286903171,20230802125300,96.0,0.0,0.04,20.0,29.09,11.0,0.0,True
39,72286903171,20210623124200,90.0,0.0,0.0,29.0,29.01,10.0,0.25,False
40,72286903171,20220625125300,99.0,0.0,0.04,12.0,28.98,9.0,0.0,True
41,72286903171,20200802125300,97.0,0.0,0.03,24.0,29.05,11.0,0.0,True
42,72286903171,20180928125300,88.0,0.0,0.05,39.0,28.95,17.0,0.0,False
43,72286903171,20220205125300,71.0,0.0,0.1,9.0,29.25,8.0,0.0,False
44,72286903171,20230610125300,73.0,0.0,0.03,53.0,29.0,5.0,0.0,True
45,72286903171,20210730125300,98.0,0.0,0.04,20.0,29.0,8.0,0.0,False
46,72286903171,20201129125300,77.0,0.0,0.06,9.0,29.19,3.0,0.0,False
47,72286903171,20170814125300,88.0,0.0,0.06,34.0,28.97,9.0,0.0,True
48,72286903171,20230525125300,70.0,0.0,0.04,46.0,28.98,3.0,0.0,False
49,72286903171,20200518120100,69.0,0.0,0.0,68.0,29.07,18.0,0.875,True
50,72286903171,20171221125300,60.0,0.0,0.0,11.0,29.22,14.0,0.0,True
51,72286903171,20220716125300,99.0,0.0,0.04,30.0,28.97,14.0,0.0,False
52,72286903171,20170616125300,99.0,0.0,0.05,18.0,28.96,6.0,0.0,True
53,72286903171,20160831125300,100.0,0.0,0.04,15.0,28.95,10.0,0.0,False
54,72286903171,20170423125300,83.0,0.0,0.05,30.0,28.94,15.0,0.0,False
55,72286903171,20210518125300,74.0,0.0,0.06,46.0,29.02,7.0,0.0,True
56,72286903171,20170731125300,94.0,0.0,0.07,38.0,29.01,6.0,0.5,True
57,72286903171,20200902125300,90.0,0.0,0.06,33.0,29.05,10.0,0.0,False
58,72286903171,20191102125300,86.0,0.0,0.08,5.0,29.11,5.0,0.0,False
59,72286903171,20180602125300,87.0,0.0,0.05,28.0,29.05,9.0,0.0,True
60,72286903171,20210824125300,89.0,0.0,0.05,28.0,29.01,6.0,0.0,True
61,72286903171,20210601125300,90.0,0.0,0.05,32.0,29.02,9.0,0.0,True
62,72286903171,20220501125300,77.0,0.0,0.03,36.0,28.92,11.0,0.0,False
63,72286903171,20170130125300,75.0,0.0,0.06,21.0,29.25,3.0,0.0,False
64,72286903171,20170223125300,58.0,0.0,0.05,29.0,29.12,5.0,0.0,False
65,72286903171,20161020125300,93.0,0.0,0.08,6.0,29.05,14.0,0.0,False
66,72286903171,20190822125300,93.0,0.0,0.03,25.0,28.88,8.0,0.0,True
67,72286903171,20160816125300,103.0,0.0,0.04,8.0,28.96,10.0,0.0,False
68,72286903171,20171026125300,93.0,0.0,0.06,11.0,28.97,9.0,0.0,True
69,72286903171,20170724125300,78.0,0.0,0.04,60.0,29.02,5.0,0.5,False
70,72286903171,20201119125300,71.0,0.0,0.07,41.0,29.18,7.0,0.0,False
71,72286903171,20190107125300,59.0,0.0,0.09,58.0,29.3,0.0,0.5,False
72,72286903171,20200730125300,100.0,0.0,0.05,15.0,29.02,7.0,0.0,True
73,72286903171,20170613125300,86.0,0.0,0.06,20.0,28.99,5.0,0.0,True
74,72286903171,20180614125300,91.0,0.0,0.04,22.0,28.94,7.0,0.0,True
75,72286903171,20190930125300,73.0,0.0,0.07,34.0,28.96,3.0,0.0,True
76,72286903171,20210501125300,84.0,0.0,0.06,30.0,29.0,14.0,0.0,False
77,72286903171,20221014121400,69.0,0.0,0.0,73.0,28.95,5.0,1.0,False
78,72286903171,20190825125300,96.0,0.0,0.05,26.0,29.04,9.0,0.0,True
79,72286903171,20180422125300,88.0,0.0,0.04,18.0,29.0,15.0,0.0,True
80,72286903171,20180723125300,103.0,0.0,0.06,22.0,29.0,14.0,0.25,True
81,72286903171,20220818125300,95.0,0.0,0.05,21.0,28.99,6.0,0.0,False
82,72286903171,20200731125300,106.0,0.0,0.03,11.0,29.01,8.0,0.0,True
83,72286903171,20190921125300,93.0,0.0,0.08,13.0,28.94,6.0,0.0,True
84,72286903171,20210504125300,90.0,0.0,0.05,24.0,29.0,7.0,0.0,True
85,72286903171,20201128125300,73.0,0.0,0.09,8.0,29.23,9.0,0.0,False
86,72286903171,20160704125300,87.0,0.0,0.05,34.0,29.1,10.0,0.0,False
87,72286903171,20181120125300,72.0,0.0,0.06,19.0,29.1,6.0,0.0,False
88,72286903171,20180719125300,96.0,0.0,0.06,36.0,29.01,13.0,0.25,True
89,72286903171,20221124125300,74.0,0.0,0.06,9.0,29.29,15.0,0.0,False
90,72286903171,20190919125300,82.0,0.0,0.07,38.0,28.95,8.0,0.25,False
91,72286903171,20160125125300,69.0,0.0,0.07,20.0,29.17,14.0,0.0,False
92,72286903171,20210915125300,88.0,0.0,0.08,24.0,28.98,6.0,0.0,False
93,72286903171,20180517125300,76.0,0.0,0.03,36.0,29.05,0.0,0.0,True
94,72286903171,20210620125300,89.0,0.0,-0.0,31.0,28.97,15.0,0.0,True
95,72286903171,20230522125300,80.0,0.0,0.04,51.0,29.01,8.0,0.0,True
96,72286903171,20221227125300,65.0,0.0,0.08,40.0,29.09,6.0,0.25,False
97,72286903171,20190912125300,98.0,0.0,0.06,16.0,29.04,9.0,0.0,True
98,72286903171,20230809125300,88.0,0.0,0.04,40.0,29.04,5.0,0.0,True
99,72286903171,20220206125300,77.0,0.0,0.07,8.0,29.23,14.0,0.0,False
100,72286903171,20220805125300,96.0,0.0,0.05,26.0,29.02,9.0,0.0,False
101,72286903171,20210619125300,92.0,0.0,0.04,33.0,28.87,14.0,0.0,True
102,72286903171,20171213125300,80.0,0.0,0.09,7.0,29.07,7.0,0.0,True
103,72286903171,20170831125300,110.0,0.0,0.06,13.0,28.83,3.0,0.5,True
104,72286903171,20211123125300,76.0,0.0,0.06,16.0,29.03,8.0,0.0,False
105,72286903171,20190513125300,74.0,0.0,0.04,54.0,29.1,6.0,0.875,False
106,72286903171,20170523125300,90.0,0.0,0.03,34.0,29.01,13.0,0.0,True
107,72286903171,20210829125300,99.0,0.0,0.05,18.0,28.87,10.0,0.0,False
108,72286903171,20170618125300,97.0,0.0,0.05,25.0,28.89,10.0,0.0,True
109,72286903171,20170412125300,77.0,0.0,0.05,32.0,29.11,10.0,0.0,False
110,72286903171,20180810125300,95.0,0.0,0.03,25.0,29.08,14.0,0.5,False
111,72286903171,20170728125300,94.0,0.0,0.03,32.0,29.0,17.0,0.0,True
112,72286903171,20200624125300,92.0,0.0,0.06,28.0,28.91,6.0,0.0,True
113,72286903171,20230705125300,92.0,0.0,0.04,18.0,29.02,5.0,0.0,True
114,72286903171,20180212125300,61.0,0.0,0.04,41.0,28.94,9.0,0.875,False
115,72286903171,20180612125300,94.0,0.0,0.04,25.0,28.91,7.0,0.0,True
116,72286903171,20201213125300,67.0,0.0,0.07,14.0,29.31,3.0,0.0,True
117,72286903171,20200509125300,83.0,0.0,0.01,37.0,29.04,13.0,0.0,False
118,72286903171,20180707121300,106.0,0.0,0.0,12.0,28.97,9.0,0.0,False
119,72286903171,20230805125300,97.0,0.0,0.04,26.0,28.97,6.0,0.0,False
120,72286903171,20230719125300,100.0,0.0,0.04,25.0,29.07,8.0,0.0,True
121,72286903171,20210615125300,103.0,0.0,0.03,16.0,0.0,10.0,0.0,True
122,72286903171,20180303125300,55.0,0.0,0.02,74.0,29.15,13.0,0.875,False
123,72286903171,20190713125300,96.0,0.0,0.02,30.0,28.96,9.0,0.0,True
124,72286903171,20210217125300,65.0,0.0,0.06,27.0,29.08,15.0,0.0,False
125,72286903171,20190627125300,85.0,0.0,0.04,37.0,29.09,8.0,0.0,True
126,72286903171,20200506125300,96.0,0.0,0.04,15.0,28.99,8.0,0.875,False
127,72286903171,20200725125300,90.0,0.0,0.05,24.0,29.0,8.0,0.0,True
128,72286903171,20180605125300,79.0,0.0,0.0,47.0,28.99,13.0,0.5,False
129,72286903171,20180428125300,75.0,0.0,0.02,36.0,29.04,9.0,0.0,True
130,72286903171,20200602125300,86.0,0.0,0.01,35.0,29.06,11.0,0.0,True
131,72286903171,20160509125300,71.0,0.0,0.03,47.0,29.07,10.0,0.875,False
132,72286903171,20170910125300,100.0,0.0,0.0,21.0,0.0,0.0,0.0,True
133,72286903171,20230713125300,98.0,0.0,0.05,15.0,29.02,13.0,0.0,True
134,72286903171,20200609125300,96.0,0.0,0.04,5.0,29.12,8.0,0.0,False
135,72286903171,20170603125300,92.0,0.0,0.03,30.0,28.96,13.0,0.0,True
136,72286903171,20170703125300,94.0,0.0,0.06,18.0,29.12,7.0,0.0,True
137,72286903171,20191031125300,74.0,0.0,0.09,4.0,29.2,14.0,0.0,True
138,72286903171,20220527125300,77.0,0.0,0.06,42.0,29.11,9.0,0.0,False
139,72286903171,20200303125300,78.0,0.0,0.04,13.0,29.03,13.0,0.0,True
140,72286903171,20230628125300,81.0,0.0,0.04,41.0,28.97,10.0,0.0,False
141,72286903171,20230801125300,94.0,0.0,0.06,36.0,29.08,10.0,0.0,True
142,72286903171,20170528125300,85.0,0.0,0.05,31.0,29.07,8.0,0.0,True
143,72286903171,20220924125300,97.0,0.0,0.06,26.0,29.08,0.0,0.0,False
144,72286903171,20171114125300,77.0,0.0,0.08,21.0,29.14,6.0,0.5,True
145,72286903171,20191210125300,66.0,0.0,0.05,40.0,29.31,3.0,0.0,False
146,72286903171,20160616125300,81.0,0.0,0.03,30.0,29.12,7.0,0.0,False
147,72286903171,20200716125300,88.0,0.0,0.05,36.0,28.99,14.0,0.0,False
148,72286903171,20210417125300,77.0,0.0,0.06,31.0,29.02,8.0,0.0,False
149,72286903171,20211216125300,55.0,0.0,0.06,45.0,29.2,9.0,0.0,False
150,72286903171,20230621125300,84.0,0.0,0.03,27.0,29.04,13.0,0.0,True
151,72286903171,20190526120400,58.0,0.0,0.0,62.0,29.07,13.0,1.0,False
152,72286903171,20220802125300,93.0,0.0,0.04,30.0,29.08,10.0,0.0,False
153,72286903171,20221223125300,68.0,0.0,0.07,35.0,29.21,5.0,0.0,False
154,72286903171,20180728125300,96.0,0.0,0.03,30.0,29.02,11.0,0.0,True
155,72286903171,20211121125300,79.0,0.0,0.06,11.0,29.2,10.0,0.0,True
156,72286903171,20220530125300,77.0,0.0,0.06,40.0,28.92,7.0,0.0,False
157,72286903171,20180924125300,81.0,0.0,0.06,42.0,28.96,9.0,0.0,False
158,72286903171,20200613125300,80.0,0.0,0.05,30.0,29.03,11.0,0.0,True
159,72286903171,20190805125300,100.0,0.0,0.05,18.0,29.01,6.0,0.0,True
160,72286903171,20230924125300,86.0,0.0,0.05,26.0,29.08,5.0,0.0,False
161,72286903171,20210125125300,48.0,0.0,0.08,52.0,28.8,15.0,0.875,False
162,72286903171,20190621125300,74.0,0.0,0.01,52.0,29.02,11.0,0.875,True
163,72286903171,20180121125300,60.0,0.0,0.06,26.0,29.34,7.0,0.875,False
164,72286903171,20160719125300,98.0,0.0,0.04,20.0,29.07,7.0,0.0,False
165,72286903171,20231114125300,81.0,0.0,0.09,13.0,29.07,0.0,0.0,False
166,72286903171,20200713125300,96.0,0.0,0.03,27.0,28.99,14.0,0.0,True
167,72286903171,20190830125300,98.0,0.0,0.05,27.0,29.02,8.0,0.0,False
168,72286903171,20230321120000,57.0,0.0,0.0,69.0,28.86,18.0,0.5,False
169,72286903171,20230704125300,92.0,0.0,0.02,21.0,29.02,10.0,0.0,True
170,72286903171,20160711125300,89.0,0.0,0.05,28.0,28.95,9.0,0.0,False
171,72286903171,20210505125300,88.0,0.0,0.03,23.0,29.02,13.0,0.0,True
172,72286903171,20170525125300,70.0,0.0,0.02,51.0,28.96,10.0,0.25,True
173,72286903171,20190527125300,65.0,0.0,0.04,42.0,29.1,3.0,0.875,False
174,72286903171,20200412125300,58.0,0.0,0.0,75.0,29.18,7.0,0.875,False
175,72286903171,20191010125300,79.0,0.0,0.04,5.0,29.01,24.0,0.0,True
176,72286903171,20190717125300,92.0,0.0,0.04,33.0,29.02,15.0,0.0,False
177,72286903171,20210704125300,91.0,0.0,0.04,28.0,29.05,11.0,0.0,False
178,72286903171,20200929125300,104.0,0.0,0.07,7.0,29.03,13.0,0.0,True
179,72286903171,20180827125300,83.0,0.0,0.05,43.0,29.03,7.0,0.5,True
180,72286903171,20180704125300,91.0,0.0,0.04,23.0,29.08,6.0,0.0,True
181,72286903171,20190827125300,98.0,0.0,0.05,26.0,28.94,9.0,0.0,True
182,72286903171,20230722125300,97.0,0.0,0.04,28.0,28.96,11.0,0.0,False
183,72286903171,20170514125300,74.0,0.0,0.03,37.0,28.96,7.0,0.25,True
184,72286903171,20190402125300,71.0,0.0,0.04,51.0,29.02,10.0,0.25,False
185,72286903171,20170621125300,103.0,0.0,0.04,24.0,28.84,15.0,0.0,False
186,72286903171,20230610121600,71.0,0.0,0.0,57.0,29.01,5.0,0.25,True
187,72286903171,20171029125300,76.0,0.0,0.06,54.0,28.96,7.0,0.0,False
188,72286903171,20181027125300,91.0,0.0,0.08,13.0,29.06,7.0,0.0,False
189,72286903171,20220326125300,84.0,0.0,0.06,24.0,28.98,8.0,0.0,True
190,72286903171,20210221125300,70.0,0.0,0.06,13.0,29.39,11.0,0.0,False
191,72286903171,20190518125300,74.0,0.0,0.02,33.0,29.06,8.0,0.875,True
192,72286903171,20161026125300,80.0,0.0,0.08,38.0,29.1,7.0,0.875,False
193,72286903171,20190910125300,78.0,0.0,0.04,45.0,28.99,8.0,0.25,True
194,72286903171,20170617125300,96.0,0.0,0.05,21.0,28.94,6.0,0.0,False
195,72286903171,20201203125300,69.0,0.0,0.06,8.0,29.33,10.0,0.0,True
196,72286903171,20190712125300,99.0,0.0,0.06,28.0,28.94,8.0,0.0,True
197,72286903171,20210825125300,97.0,0.0,0.05,17.0,29.02,6.0,0.0,True
198,72286903171,20220430125300,84.0,0.0,0.06,23.0,28.96,13.0,0.0,True
199,72286903171,20190716125300,97.0,0.0,0.02,26.0,28.95,14.0,0.0,True
200,72286903171,20220601125300,94.0,0.0,0.05,21.0,28.92,8.0,0.0,False
201,72286903171,20180504125300,91.0,0.0,0.07,9.0,29.18,7.0,0.25,True
202,72286903171,20230425125300,70.0,0.0,0.03,53.0,28.99,10.0,0.0,False
203,72286903171,20170702125300,88.0,0.0,0.02,36.0,29.08,6.0,0.0,True
204,72286903171,20230702125300,96.0,0.0,0.04,31.0,28.98,8.0,0.0,False
205,72286903171,20230715125300,100.0,0.0,0.04,29.0,28.95,10.0,0.0,True
206,72286903171,20190711125300,95.0,0.0,0.05,25.0,29.05,10.0,0.0,True
207,72286903171,20220113125300,67.0,0.0,0.09,25.0,29.28,3.0,1.0,False
208,72286903171,20200505125300,95.0,0.0,0.03,18.0,29.04,0.0,0.0,False
209,72286903171,20190614125300,77.0,0.0,0.04,47.0,29.05,10.0,0.0,False
210,72286903171,20230708125300,88.0,0.0,0.05,33.0,28.92,7.0,0.0,True
211,72286903171,20201201125300,83.0,0.0,0.06,7.0,29.13,7.0,0.0,True
212,72286903171,20200917125300,97.0,0.0,0.06,7.0,29.02,5.0,0.0,True
213,72286903171,20230220125300,74.0,0.0,0.08,24.0,29.13,7.0,0.0,False
214,72286903171,20200918125300,102.0,0.0,0.05,8.0,28.96,10.0,0.0,False
215,72286903171,20180825125300,87.0,0.0,0.05,37.0,29.04,7.0,0.0,True
216,72286903171,20190904125300,102.0,0.0,0.05,23.0,28.95,10.0,0.0,True
217,72286903171,20230311125300,62.0,0.0,0.01,84.0,29.17,0.0,1.0,False
218,72286903171,20180726125300,100.0,0.0,0.04,25.0,29.03,13.0,0.25,True
219,72286903171,20160422125300,77.0,0.0,0.02,37.0,29.05,15.0,0.0,False
220,72286903171,20230630125300,92.0,0.0,0.06,34.0,28.95,9.0,0.0,False
221,72286903171,20220506125300,85.0,0.0,0.04,21.0,29.04,11.0,0.0,True
222,72286903171,20200122125300,61.0,0.0,0.06,60.0,29.25,6.0,0.0,False
223,72286903171,20231022125300,75.0,0.0,0.07,50.0,28.91,6.0,0.0,False
224,72286903171,20230110120500,52.0,1.0,0.0,89.0,29.15,21.0,0.875,False
225,72286903171,20180822125300,91.0,0.0,0.05,30.0,29.09,9.0,0.0,True
226,72286903171,20230820125300,73.0,12.0,0.07,94.0,28.68,3.0,1.0,False
227,72286903171,20230119125300,56.0,0.0,0.08,60.0,29.18,6.0,0.25,False
228,72286903171,20210928125300,74.0,0.0,0.06,48.0,29.0,9.0,0.0,False
229,72286903171,20220424125300,83.0,0.0,0.04,9.0,29.11,9.0,0.0,False
230,72286903171,20220515125300,87.0,0.0,0.03,15.0,28.99,14.0,0.0,True
231,72286903171,20180214125300,64.0,0.0,0.06,46.0,29.2,8.0,1.0,False
232,72286903171,20210602125300,88.0,0.0,0.05,31.0,28.96,7.0,0.0,True
233,72286903171,20170430125300,88.0,0.0,0.06,9.0,29.13,10.0,0.0,True
234,72286903171,20180423125300,86.0,0.0,0.05,22.0,29.06,10.0,0.0,False
235,72286903171,20171207125300,73.0,0.0,0.08,6.0,29.36,14.0,0.0,True
236,72286903171,20170413125300,72.0,0.0,0.02,44.0,29.12,20.0,0.875,True
237,72286903171,20171010125300,88.0,0.0,0.08,7.0,29.0,3.0,0.0,True
238,72286903171,20220120125300,74.0,0.0,0.07,14.0,29.3,9.0,0.0,False
239,72286903171,20200421125300,71.0,0.0,0.04,47.0,29.18,9.0,0.0,False
240,72286903171,20230712125300,97.0,0.0,0.04,14.0,29.06,11.0,0.0,True
241,72286903171,20211006123400,73.0,0.0,0.0,57.0,29.11,0.0,0.5,False
242,72286903171,20200131125300,77.0,0.0,0.06,15.0,29.33,5.0,0.0,False
243,72286903171,20230412125100,64.0,0.0,0.0,68.0,28.95,3.0,0.5,False
244,72286903171,20200518125300,71.0,0.0,0.01,63.0,29.07,10.0,0.875,True
245,72286903171,20170312125300,89.0,0.0,0.06,17.0,29.08,0.0,0.0,False
246,72286903171,20180523125100,70.0,0.0,0.0,53.0,29.06,8.0,0.5,False
247,72286903171,20210218125300,66.0,0.0,0.04,10.0,29.39,13.0,0.0,False
248,72286903171,20220905125300,107.0,0.0,0.07,27.0,28.84,15.0,0.0,True
249,72286903171,20230627125300,84.0,0.0,0.03,31.0,28.95,13.0,0.0,True
250,72286903171,20230620125300,82.0,0.0,0.02,31.0,29.08,9.0,0.0,True
251,72286903171,20220325125300,88.0,0.0,0.07,15.0,29.06,7.0,0.0,False
252,72286903171,20170707125300,107.0,0.0,0.06,22.0,28.95,9.0,0.0,True
253,72286903171,20200123125300,76.0,0.0,0.11,23.0,29.16,8.0,0.0,False
254,72286903171,20160228125300,81.0,0.0,0.06,27.0,29.08,5.0,0.5,False
255,72286903171,20210123125100,45.0,0.0,0.0,93.0,29.0,6.0,0.875,False
256,72286903171,20200724125300,84.0,0.0,0.05,37.0,29.0,10.0,0.0,True
257,72286903171,20170518125300,81.0,0.0,0.05,23.0,28.96,11.0,0.0,True
258,72286903171,20230706125300,86.0,0.0,0.05,32.0,28.99,13.0,0.0,True
259,72286903171,20170615125300,94.0,0.0,0.03,21.0,29.0,13.0,0.0,True
260,72286903171,20200709125300,93.0,0.0,0.04,18.0,28.97,7.0,0.0,True
261,72286903171,20170902125300,104.0,0.0,0.04,22.0,28.91,13.0,0.0,True
262,72286903171,20190529125300,83.0,0.0,0.04,34.0,28.95,7.0,0.0,True
263,72286903171,20200528125300,87.0,0.0,0.01,37.0,29.03,15.0,0.0,True
264,72286903171,20191010121300,79.0,0.0,0.0,6.0,29.02,15.0,0.0,True
265,72286903171,20170109125300,57.0,0.0,0.03,96.0,29.26,0.0,1.0,False
266,72286903171,20220401125300,71.0,0.0,0.04,46.0,28.99,5.0,0.0,False
267,72286903171,20161228125300,76.0,0.0,0.07,18.0,29.22,11.0,0.0,False
268,72286903171,20180407124200,73.0,0.0,0.0,57.0,29.06,8.0,0.875,False
269,72286903171,20221229125300,57.0,0.0,0.04,74.0,29.09,3.0,0.875,False
270,72286903171,20170508125300,74.0,0.0,0.06,31.0,28.95,10.0,0.25,False
271,72286903171,20161127125100,54.0,0.0,0.0,100.0,29.09,3.0,1.0,False
272,72286903171,20170919125300,77.0,0.0,0.06,48.0,29.0,7.0,0.5,False
273,72286903171,20231021125300,88.0,0.0,0.06,28.0,28.92,9.0,0.0,False
274,72286903171,20230616125300,79.0,0.0,0.04,49.0,29.06,5.0,0.0,False
275,72286903171,20210511125300,75.0,0.0,0.06,45.0,29.01,0.0,0.0,False
276,72286903171,20201017125300,94.0,0.0,0.05,15.0,29.03,9.0,0.0,False
277,72286903171,20190202125300,56.0,3.0,0.13,87.0,28.89,13.0,0.25,False
278,72286903171,20231030125300,78.0,0.0,0.08,8.0,29.17,16.0,0.0,True
279,72286903171,20230520125300,85.0,0.0,0.06,43.0,29.12,14.0,0.0,True
280,72286903171,20170220125300,64.0,0.0,0.05,68.0,29.34,3.0,1.0,False
281,72286903171,20200317125300,58.0,0.0,0.06,41.0,29.06,3.0,0.875,False
282,72286903171,20180509125300,85.0,0.0,0.06,32.0,28.99,8.0,0.0,False
283,72286903171,20170521125300,95.0,0.0,0.03,16.0,28.99,16.0,0.0,True
284,72286903171,20170604125300,89.0,0.0,0.04,36.0,28.96,11.0,0.5,True
285,72286903171,20170827125300,98.0,0.0,0.06,28.0,28.98,14.0,0.25,True
286,72286903171,20170718125300,94.0,0.0,0.04,33.0,29.02,10.0,0.0,True
287,72286903171,20170804125300,96.0,0.0,0.05,31.0,29.04,13.0,0.25,True
288,72286903171,20210302125300,76.0,0.0,0.09,7.0,28.97,3.0,0.0,False
289,72286903171,20190530125300,84.0,0.0,0.05,34.0,28.97,11.0,0.0,True
290,72286903171,20230626125300,82.0,0.0,0.05,33.0,29.01,13.0,0.0,False
291,72286903171,20220604125300,76.0,0.0,0.02,48.0,29.03,7.0,0.0,True
292,72286903171,20200306125300,75.0,0.0,0.06,40.0,29.08,15.0,0.0,True
293,72286903171,20230527125300,74.0,0.0,0.03,46.0,29.04,7.0,0.0,False
294,72286903171,20201022125300,72.0,0.0,0.03,57.0,28.98,8.0,0.0,False
295,72286903171,20180415125300,80.0,0.0,0.04,11.0,29.06,10.0,1.0,True
296,72286903171,20190914125300,104.0,0.0,0.06,13.0,28.98,10.0,0.0,True
297,72286903171,20230624125300,81.0,0.0,0.04,34.0,29.11,3.0,0.0,False
298,72286903171,20191014125300,75.0,0.0,0.06,39.0,29.01,6.0,0.0,True
299,72286903171,20200829125300,94.0,0.0,0.04,22.0,28.96,7.0,0.0,False
300,72286903171,20220526125300,86.0,0.0,0.04,36.0,29.01,13.0,0.0,True
301,72286903171,20170606125300,80.0,0.0,0.04,49.0,29.01,9.0,0.0,False
302,72286903171,20191109125300,89.0,0.0,0.08,7.0,29.08,5.0,0.0,False
303,72286903171,20190520125300,69.0,0.0,0.0,36.0,29.02,10.0,0.875,True
304,72286903171,20200608125300,85.0,0.0,0.01,6.0,29.1,18.0,0.5,True
305,72286903171,20200309125300,71.0,0.0,0.07,30.0,29.13,5.0,0.25,False
306,72286903171,20170328125300,76.0,0.0,0.04,14.0,29.1,14.0,0.0,False
307,72286903171,20200723125300,79.0,0.0,0.06,47.0,29.01,7.0,0.0,False
308,72286903171,20201227125300,56.0,0.0,0.11,62.0,29.01,0.0,0.875,False
309,72286903171,20220921125300,82.0,0.0,0.06,33.0,29.02,0.0,0.0,False
310,72286903171,20190812125300,93.0,0.0,0.0,27.0,0.0,6.0,0.0,True
311,72286903171,20210615125000,0.0,0.0,0.0,0.0,28.96,6.0,0.0,True
312,72286903171,20221001125300,77.0,0.0,0.06,50.0,0.0,5.0,0.0,False
313,72286903171,20170205125300,55.0,0.0,0.09,87.0,29.11,3.0,1.0,False
314,72286903171,20170626125300,106.0,0.0,0.02,7.0,29.02,16.0,0.0,True
315,72286903171,20181018125300,86.0,0.0,0.08,13.0,29.11,0.0,0.0,False
316,72286903171,20210519125300,75.0,0.0,0.05,46.0,28.97,14.0,0.0,True
317,72286903171,20190502125300,78.0,0.0,0.06,35.0,29.05,9.0,0.875,False
318,72286903171,20191122125300,68.0,0.0,0.07,32.0,29.21,5.0,0.5,False
319,72286903171,20231026125300,72.0,0.0,0.05,50.0,29.08,7.0,0.5,False
320,72286903171,20180420125300,73.0,0.0,0.08,30.0,29.15,5.0,0.0,False
321,72286903171,20210914125300,92.0,0.0,0.06,11.0,29.0,9.0,0.0,False
322,72286903171,20230714125300,99.0,0.0,0.05,15.0,28.96,7.0,0.0,True
323,72286903171,20230515125300,82.0,0.0,0.04,46.0,29.13,14.0,0.0,True
324,72286903171,20180603125300,93.0,0.0,0.06,27.0,28.97,17.0,0.0,True
325,72286903171,20210720125300,95.0,0.0,0.07,24.0,29.05,14.0,0.0,True
326,72286903171,20191101125300,85.0,0.0,0.06,2.0,29.15,8.0,0.0,True
327,72286903171,20190721125300,94.0,0.0,0.04,27.0,29.0,9.0,0.0,False
328,72286903171,20190907125300,94.0,0.0,0.04,30.0,29.03,13.0,0.0,True
329,72286903171,20200911125300,93.0,0.0,0.07,9.0,29.05,3.0,0.0,False
330,72286903171,20170704125300,97.0,0.0,0.05,20.0,29.05,6.0,0.0,True
331,72286903171,20170614125300,93.0,0.0,0.03,21.0,28.95,14.0,0.0,False
332,72286903171,20160604125300,99.0,0.0,0.03,15.0,29.02,11.0,0.0,True
333,72286903171,20210524125300,91.0,0.0,0.05,10.0,29.05,0.0,0.0,True
334,72286903171,20181217125100,63.0,0.0,0.0,59.0,29.26,0.0,0.875,False
335,72286903171,20200626125300,89.0,0.0,0.04,33.0,28.98,11.0,0.0,True
